{
  "dice_coefficient": [
    0.5624921917915344,
    0.6821140050888062,
    0.7241294384002686,
    0.7472501397132874,
    0.764753520488739,
    0.777862548828125,
    0.7906138300895691,
    0.8001946806907654,
    0.8095427751541138,
    0.8174037933349609,
    0.8242523670196533,
    0.8303259611129761,
    0.8364623785018921,
    0.8387038707733154,
    0.8460098505020142,
    0.8511254191398621,
    0.8551391959190369,
    0.8588318228721619,
    0.8619327545166016,
    0.8722884654998779
  ],
  "loss": [
    0.3416268527507782,
    0.2519253194332123,
    0.22164681553840637,
    0.20404914021492004,
    0.1899433135986328,
    0.17963799834251404,
    0.1691133826971054,
    0.16160310804843903,
    0.15395647287368774,
    0.14788523316383362,
    0.14224642515182495,
    0.13733763992786407,
    0.13207221031188965,
    0.13021892309188843,
    0.12438761442899704,
    0.12011193484067917,
    0.1169189065694809,
    0.11382376402616501,
    0.11135855317115784,
    0.10224703699350357
  ],
  "mean_iou": [
    0.5739754438400269,
    0.656889796257019,
    0.6852626800537109,
    0.7037063837051392,
    0.7195167541503906,
    0.7308738231658936,
    0.7440410852432251,
    0.7532534003257751,
    0.7633799314498901,
    0.7696605324745178,
    0.7770540118217468,
    0.7832106947898865,
    0.7897892594337463,
    0.7918217778205872,
    0.7995680570602417,
    0.8047923445701599,
    0.8088065981864929,
    0.8123294115066528,
    0.8155388236045837,
    0.828597903251648
  ],
  "pixel_accuracy": [
    0.8191877007484436,
    0.86827152967453,
    0.8832560181617737,
    0.8920031189918518,
    0.8987897038459778,
    0.9047078490257263,
    0.9104450345039368,
    0.9151456952095032,
    0.9198170900344849,
    0.922502338886261,
    0.9257479310035706,
    0.9283384680747986,
    0.9309296011924744,
    0.9315810799598694,
    0.9351322650909424,
    0.9370956420898438,
    0.9384586811065674,
    0.940051257610321,
    0.9411710500717163,
    0.9465059041976929
  ],
  "val_dice_coefficient": [
    0.5019319653511047,
    0.6231290102005005,
    0.6646003127098083,
    0.6948562860488892,
    0.7153240442276001,
    0.7303329110145569,
    0.7413724660873413,
    0.7463283538818359,
    0.7440780401229858,
    0.7541305422782898,
    0.7569922804832458,
    0.7542334198951721,
    0.755582869052887,
    0.7564323544502258,
    0.755286693572998,
    0.7544093728065491,
    0.7623435258865356,
    0.7624425292015076,
    0.7665393948554993,
    0.7735157608985901
  ],
  "val_loss": [
    0.48478806018829346,
    0.3312145173549652,
    0.2883988916873932,
    0.2853495478630066,
    0.24642328917980194,
    0.25830069184303284,
    0.23815302550792694,
    0.23328933119773865,
    0.23169337213039398,
    0.24013228714466095,
    0.23504845798015594,
    0.23023000359535217,
    0.2328929305076599,
    0.22918684780597687,
    0.24332746863365173,
    0.24917063117027283,
    0.2427198588848114,
    0.2437516748905182,
    0.24662348628044128,
    0.240596741437912
  ],
  "val_mean_iou": [
    0.4894610047340393,
    0.6106894612312317,
    0.6347905993461609,
    0.668924868106842,
    0.6829967498779297,
    0.6902004480361938,
    0.7016581892967224,
    0.7058595418930054,
    0.699729859828949,
    0.711495041847229,
    0.7127317786216736,
    0.7077897787094116,
    0.7074326276779175,
    0.7082211971282959,
    0.7081201076507568,
    0.7081623077392578,
    0.712822675704956,
    0.7113032341003418,
    0.7148839235305786,
    0.7234792709350586
  ],
  "val_pixel_accuracy": [
    0.7691484093666077,
    0.8304247856140137,
    0.84423828125,
    0.8689994215965271,
    0.8762967586517334,
    0.8797937035560608,
    0.887466311454773,
    0.888292133808136,
    0.8828401565551758,
    0.8910312056541443,
    0.8934632539749146,
    0.89177006483078,
    0.8920289874076843,
    0.8898192644119263,
    0.8860899806022644,
    0.8838802576065063,
    0.8916774392127991,
    0.8902418613433838,
    0.8956525921821594,
    0.899114191532135
  ],
  "learning_rate": [
    9.999999747378752e-05,
    9.999999747378752e-05,
    9.999999747378752e-05,
    9.999999747378752e-05,
    9.999999747378752e-05,
    9.999999747378752e-05,
    9.999999747378752e-05,
    9.999999747378752e-05,
    9.999999747378752e-05,
    9.999999747378752e-05,
    9.999999747378752e-05,
    9.999999747378752e-05,
    9.999999747378752e-05,
    9.999999747378752e-05,
    9.999999747378752e-05,
    9.999999747378752e-05,
    9.999999747378752e-05,
    9.999999747378752e-05,
    9.999999747378752e-05,
    4.999999873689376e-05
  ]
}