{
  "dice_coefficient": [
    0.5008019804954529,
    0.6160725355148315,
    0.6591041088104248,
    0.688224196434021,
    0.7111886739730835,
    0.7296741604804993,
    0.7449133396148682,
    0.7555341124534607,
    0.7692916989326477,
    0.7798507213592529,
    0.7872822284698486,
    0.7961613535881042,
    0.8044962882995605,
    0.8112491369247437,
    0.8195489048957825,
    0.826080322265625,
    0.8326359987258911,
    0.8467717170715332,
    0.8548513650894165,
    0.8598547577857971
  ],
  "loss": [
    0.40345144271850586,
    0.3099654018878937,
    0.27614453434944153,
    0.2525726556777954,
    0.23443734645843506,
    0.2199786901473999,
    0.2078293263912201,
    0.19916246831417084,
    0.18829083442687988,
    0.18016588687896729,
    0.17380444705486298,
    0.16665680706501007,
    0.15988844633102417,
    0.1537160724401474,
    0.14709943532943726,
    0.14140383899211884,
    0.13585467636585236,
    0.12333539873361588,
    0.11697374284267426,
    0.11275886744260788
  ],
  "mean_iou": [
    0.49436116218566895,
    0.5841736197471619,
    0.6191411018371582,
    0.6453283429145813,
    0.6654356718063354,
    0.6819802522659302,
    0.6971527338027954,
    0.7073414325714111,
    0.7195781469345093,
    0.7295699119567871,
    0.736979603767395,
    0.7463200688362122,
    0.7533596754074097,
    0.7618268728256226,
    0.7697701454162598,
    0.7775202989578247,
    0.7843111753463745,
    0.8019307851791382,
    0.8101273775100708,
    0.8155325651168823
  ],
  "pixel_accuracy": [
    0.7606247067451477,
    0.8248287439346313,
    0.8477126359939575,
    0.8627936840057373,
    0.8731406331062317,
    0.8815765380859375,
    0.8890944719314575,
    0.8937931060791016,
    0.8993698358535767,
    0.9031482934951782,
    0.9062619209289551,
    0.9103197455406189,
    0.9129863977432251,
    0.9168140292167664,
    0.9203781485557556,
    0.9237405061721802,
    0.9276209473609924,
    0.9355141520500183,
    0.9387947916984558,
    0.9409251809120178
  ],
  "val_dice_coefficient": [
    0.5203545689582825,
    0.6025183200836182,
    0.6305309534072876,
    0.651253342628479,
    0.6695764660835266,
    0.6876083612442017,
    0.6460810303688049,
    0.7073958516120911,
    0.7176658511161804,
    0.7105333805084229,
    0.7229032516479492,
    0.7298815250396729,
    0.7260960340499878,
    0.7222908735275269,
    0.7273555397987366,
    0.7392277717590332,
    0.737798810005188,
    0.7483769059181213,
    0.7532542943954468,
    0.7519372701644897
  ],
  "val_loss": [
    0.39257895946502686,
    0.3294256031513214,
    0.31131112575531006,
    0.28613778948783875,
    0.2773061692714691,
    0.2732478380203247,
    0.2872188091278076,
    0.2565385699272156,
    0.2519393265247345,
    0.2539692223072052,
    0.24865612387657166,
    0.2430998831987381,
    0.2803340554237366,
    0.2511758804321289,
    0.26076140999794006,
    0.26000770926475525,
    0.2557137906551361,
    0.2536425292491913,
    0.2574785351753235,
    0.2715356647968292
  ],
  "val_mean_iou": [
    0.48682868480682373,
    0.5862742066383362,
    0.5947593450546265,
    0.62346351146698,
    0.6380629539489746,
    0.6471949815750122,
    0.5867133140563965,
    0.6696517467498779,
    0.6728259325027466,
    0.6670212745666504,
    0.6779793500900269,
    0.6865736842155457,
    0.6724038124084473,
    0.6734097003936768,
    0.6722540855407715,
    0.6891299486160278,
    0.6862268447875977,
    0.6983915567398071,
    0.7011806964874268,
    0.7000461220741272
  ],
  "val_pixel_accuracy": [
    0.7611708045005798,
    0.8262671828269958,
    0.8323439359664917,
    0.8481742739677429,
    0.8586740493774414,
    0.8666806221008301,
    0.8270242810249329,
    0.8779433369636536,
    0.8743410110473633,
    0.8690919876098633,
    0.8802729249000549,
    0.8831155896186829,
    0.8794843554496765,
    0.8709173798561096,
    0.8732856512069702,
    0.8846839666366577,
    0.8830581903457642,
    0.8857048153877258,
    0.8894345164299011,
    0.8882896900177002
  ],
  "learning_rate": [
    9.999999747378752e-05,
    9.999999747378752e-05,
    9.999999747378752e-05,
    9.999999747378752e-05,
    9.999999747378752e-05,
    9.999999747378752e-05,
    9.999999747378752e-05,
    9.999999747378752e-05,
    9.999999747378752e-05,
    9.999999747378752e-05,
    9.999999747378752e-05,
    9.999999747378752e-05,
    9.999999747378752e-05,
    9.999999747378752e-05,
    9.999999747378752e-05,
    9.999999747378752e-05,
    9.999999747378752e-05,
    4.999999873689376e-05,
    4.999999873689376e-05,
    4.999999873689376e-05
  ]
}