{
  "dice_coefficient": [
    0.5840955376625061,
    0.6992856860160828,
    0.7339112162590027,
    0.7555219531059265,
    0.7696502804756165,
    0.7827727198600769,
    0.792126476764679,
    0.8018825650215149,
    0.8101173043251038,
    0.8168421387672424,
    0.823627233505249,
    0.8298859000205994,
    0.8337509036064148,
    0.8389824628829956,
    0.8436867594718933,
    0.8464518785476685,
    0.8512909412384033,
    0.8543046712875366,
    0.8641340732574463,
    0.8676689863204956,
    0.8702292442321777,
    0.871710479259491,
    0.8740627765655518,
    0.879645824432373,
    0.880126416683197,
    0.8822210431098938,
    0.8828884363174438,
    0.8835718631744385,
    0.8861669898033142,
    0.8874030113220215
  ],
  "loss": [
    0.3361440598964691,
    0.24621756374835968,
    0.21831975877285004,
    0.2005213052034378,
    0.18882407248020172,
    0.17826439440250397,
    0.1704588234424591,
    0.1623322069644928,
    0.15540848672389984,
    0.14957518875598907,
    0.1442340761423111,
    0.13884401321411133,
    0.13535019755363464,
    0.1311148703098297,
    0.12718819081783295,
    0.12496097385883331,
    0.12089324742555618,
    0.11835550516843796,
    0.10987427830696106,
    0.10693349689245224,
    0.10492242872714996,
    0.10350155830383301,
    0.10152547806501389,
    0.0970086082816124,
    0.09636461734771729,
    0.09480142593383789,
    0.09411594271659851,
    0.09352226555347443,
    0.09145355969667435,
    0.09038577973842621
  ],
  "mean_iou": [
    0.5561482906341553,
    0.6500275135040283,
    0.6830464601516724,
    0.7037801146507263,
    0.717846155166626,
    0.7305353879928589,
    0.73992919921875,
    0.7494786977767944,
    0.7581830024719238,
    0.7664088010787964,
    0.7728272676467896,
    0.779470682144165,
    0.7848278880119324,
    0.7899260520935059,
    0.7952391505241394,
    0.7976794838905334,
    0.8033140301704407,
    0.8065426349639893,
    0.818390965461731,
    0.8221986889839172,
    0.8246955871582031,
    0.8267128467559814,
    0.8293237686157227,
    0.8352755308151245,
    0.8368602991104126,
    0.8384814262390137,
    0.8392995595932007,
    0.840403139591217,
    0.8431757688522339,
    0.844671368598938
  ],
  "pixel_accuracy": [
    0.8057538866996765,
    0.8629770874977112,
    0.8799148797988892,
    0.889735758304596,
    0.8963977694511414,
    0.9018515944480896,
    0.9057084918022156,
    0.9100560545921326,
    0.914219856262207,
    0.918160080909729,
    0.921187698841095,
    0.9241035580635071,
    0.9267032742500305,
    0.9288750290870667,
    0.9312012195587158,
    0.9324202537536621,
    0.9347562789916992,
    0.9360079169273376,
    0.9412512183189392,
    0.9427798986434937,
    0.9436373114585876,
    0.9444646239280701,
    0.9453862905502319,
    0.9479060769081116,
    0.9484193921089172,
    0.9490566253662109,
    0.949349045753479,
    0.9497886896133423,
    0.9507806301116943,
    0.9513500332832336
  ],
  "val_dice_coefficient": [
    0.6195083856582642,
    0.6785562634468079,
    0.7119843363761902,
    0.7087867259979248,
    0.7308570742607117,
    0.7456235289573669,
    0.7386348843574524,
    0.7306602001190186,
    0.7466944456100464,
    0.7494905591011047,
    0.75235915184021,
    0.7683608531951904,
    0.76397305727005,
    0.7685758471488953,
    0.7683216333389282,
    0.7608359456062317,
    0.7640122175216675,
    0.7813459634780884,
    0.7867797613143921,
    0.7870251536369324,
    0.7864892482757568,
    0.7894179821014404,
    0.7843641638755798,
    0.7891237139701843,
    0.7916708588600159,
    0.7908426523208618,
    0.7903737425804138,
    0.7909466624259949,
    0.7920740246772766,
    0.7921415567398071
  ],
  "val_loss": [
    0.30743420124053955,
    0.27077019214630127,
    0.2603091597557068,
    0.24168311059474945,
    0.23459863662719727,
    0.2247919738292694,
    0.21852092444896698,
    0.23002634942531586,
    0.21531915664672852,
    0.2187151163816452,
    0.22523663938045502,
    0.2159317284822464,
    0.20981448888778687,
    0.2193022221326828,
    0.22011451423168182,
    0.2405301034450531,
    0.21505855023860931,
    0.21381482481956482,
    0.21947680413722992,
    0.22106784582138062,
    0.22160205245018005,
    0.22317181527614594,
    0.21848911046981812,
    0.2164590209722519,
    0.22191844880580902,
    0.23237647116184235,
    0.23110681772232056,
    0.22863732278347015,
    0.22624553740024567,
    0.22587086260318756
  ],
  "val_mean_iou": [
    0.5857634544372559,
    0.6441633701324463,
    0.6731868982315063,
    0.6753206849098206,
    0.6876051425933838,
    0.7042515873908997,
    0.6981474161148071,
    0.6825566291809082,
    0.7002871036529541,
    0.7035833597183228,
    0.7051026225090027,
    0.7219771146774292,
    0.7192680835723877,
    0.7238536477088928,
    0.7200689315795898,
    0.7054882049560547,
    0.714682936668396,
    0.7306599617004395,
    0.7360434532165527,
    0.7368428707122803,
    0.7355315685272217,
    0.7382767200469971,
    0.7350457310676575,
    0.7384278774261475,
    0.7403907775878906,
    0.7384434342384338,
    0.7374461889266968,
    0.7379993796348572,
    0.7395167350769043,
    0.7394106388092041
  ],
  "val_pixel_accuracy": [
    0.822629451751709,
    0.854668378829956,
    0.8725832104682922,
    0.8716313242912292,
    0.8816334009170532,
    0.889569103717804,
    0.8773906826972961,
    0.8722102046012878,
    0.885222315788269,
    0.8836269378662109,
    0.8899902701377869,
    0.8956514596939087,
    0.8899022340774536,
    0.8965602517127991,
    0.8926873803138733,
    0.8893340229988098,
    0.8898342251777649,
    0.899383544921875,
    0.9009682536125183,
    0.9030985236167908,
    0.9006703495979309,
    0.9028810262680054,
    0.90008944272995,
    0.9017788171768188,
    0.9037889242172241,
    0.9035218358039856,
    0.9030326008796692,
    0.9027778506278992,
    0.9035905599594116,
    0.9036694169044495
  ],
  "learning_rate": [
    9.999999747378752e-05,
    9.999999747378752e-05,
    9.999999747378752e-05,
    9.999999747378752e-05,
    9.999999747378752e-05,
    9.999999747378752e-05,
    9.999999747378752e-05,
    9.999999747378752e-05,
    9.999999747378752e-05,
    9.999999747378752e-05,
    9.999999747378752e-05,
    9.999999747378752e-05,
    9.999999747378752e-05,
    9.999999747378752e-05,
    9.999999747378752e-05,
    9.999999747378752e-05,
    9.999999747378752e-05,
    9.999999747378752e-05,
    4.999999873689376e-05,
    4.999999873689376e-05,
    4.999999873689376e-05,
    4.999999873689376e-05,
    4.999999873689376e-05,
    2.499999936844688e-05,
    2.499999936844688e-05,
    2.499999936844688e-05,
    2.499999936844688e-05,
    2.499999936844688e-05,
    1.249999968422344e-05,
    1.249999968422344e-05
  ]
}